fecha,url,titulo,descripcion,miniatura_url,categorias
2025-08-13 18:38:21,https://www.facebook.com/reel/1151701566783234,"mil reproducciones ¬∑ , mil reacciones | Share this with someone ready to move and feel better. These mobility drills are built to unlock essential movement patterns, so you can move stronger, more freely, and with better control throughout the day. . Hip Circles ‚Äì improves control and mobility through the hips . Groin + T Spine Opener ‚Äì opens the groin while introducing rotation to the spine . Horse Stance + Twist ‚Äì opens the hips and targets the adductors . Figure Bridge + Twist ‚Äì targets the glutes, hips, and back . Shoulder Dislocates ‚Äì improves shoulder mobility and improves posture Your body thrives on movement. Repeat this routine ‚Äì times (about minutes total) daily to boost your mobility, flexibility, and strength in all the right places. | Proformance","Share this with someone ready to move and feel better. These mobility drills are built to unlock essential movement patterns, so you can move stronger, more freely, and with better control...",https://scontent.fgdl9-1.fna.fbcdn.net/v/t51.71878-15/528239431_1455655318805634_4840932731990493610_n.jpg?_nc_cat=106&ccb=1-7&_nc_sid=a27664&_nc_ohc=Mt39SWcXlKwQ7kNvwGxxxfG&_nc_oc=AdkmRiVjPs-TFTnlgfc5Ibq_aE1RfyXZ_5LP7Fc7dX4HvcTopLHseBHCIrX3Bv2OfhdozLjoz3BeO8N4Zu_KtqQm&_nc_zt=23&_nc_ht=scontent.fgdl9-1.fna&_nc_gid=Lzy8J8kUsoI92M7vwKN1ZA&oh=00_AfXyS6zxTbn8h7a6z9BITiDKPMJ1nc7bnmejMtPYD5aKtg&oe=68A3140D,Movilidad
2025-08-13 18:43:45,https://www.facebook.com/reel/2033501130761732,", mil reacciones ¬∑ veces compartido | I tore my ACL for the third time last year and now my knees are stronger than ever before If I was able to come back without an ACL at all, then there is absolutely no reason why you can‚Äôt too. COMMENT ‚ÄúREPAIR‚Äù to start fixing your knees today | Josh Gutowski","I tore my ACL for the third time last year and now my knees are stronger than ever before If I was able to come back without an ACL at all, then there is absolutely no reason why you can‚Äôt too....",https://scontent.fgdl9-1.fna.fbcdn.net/v/t51.75761-15/499155741_17882861070289485_5101498683235262375_n.jpg?stp=c0.92.360.360a_dst-jpg_s851x315_tt6&_nc_cat=107&ccb=1-7&_nc_sid=f6dce5&_nc_ohc=yt6nqxA0mwUQ7kNvwHu6l4d&_nc_oc=AdlML0xsUsnXIq_V8IqQ9rDw-yWCJg4ij38VTwSSBtcbzjXbbP1zKPFXfI5bQ2D3ZyjIhF7ChbBUocjYJBlPpn_6&_nc_zt=23&_nc_ht=scontent.fgdl9-1.fna&_nc_gid=9PZdUu1j-O62QtNvI9XdKg&oh=00_AfXi0_tZnE3Z_uJPrBkW8XPw24znTLAxLS0ClwTNEpbjOA&oe=68A31373,Rodilla
2025-08-13 18:44:04,https://www.facebook.com/reel/634928595868412,mil reproducciones ¬∑ mil reacciones | AS√ç PUEDES EMPEZAR¬°¬°¬° | Pedro Mier Arce,AS√ç PUEDES EMPEZAR¬°¬°¬°.,https://scontent.fgdl9-1.fna.fbcdn.net/v/t51.71878-15/530970485_1086115063663553_5095717817655651160_n.jpg?_nc_cat=1&ccb=1-7&_nc_sid=a27664&_nc_ohc=xiv0jmUENnAQ7kNvwEQ945Z&_nc_oc=AdkKIONhmjMjk36Ww3tVRDgzMfLW_CdftBTtG9TVHngS4mMITzh2inE7dJ1yBFC2WP_JOrlZ7FZNt-Gu511LenaG&_nc_zt=23&_nc_ht=scontent.fgdl9-1.fna&_nc_gid=pFb2owDCm6R3bWaWaVsAjA&oh=00_AfUwi5W5ZkOddtSAo39Kfmu1eD621tP1egf86LEpR4IBNQ&oe=68A2EA74,Entrenamiento
2025-08-13 18:46:03,https://www.facebook.com/reel/753949977273029,"mil reproducciones ¬∑ , mil reacciones | Comment ‚ÄúCHRONIC‚Äù and I‚Äôll send you my program with exercises that I just talked about! | Dr. Claire Bowes",Comment ‚ÄúCHRONIC‚Äù and I‚Äôll send you my program with exercises that I just talked about! .,https://scontent.fgdl9-1.fna.fbcdn.net/v/t51.82787-15/529021140_17906549001215210_412226521442988405_n.jpg?_nc_cat=107&ccb=1-7&_nc_sid=a27664&_nc_ohc=3Z-syh6-JPIQ7kNvwGy_TMS&_nc_oc=AdkzX8fxmZ-tP6J_jgIRrUPI_RHlKC2CaFlC3QSdCjW0BoZMS4qMjwgRyY1y7m_-QuJDOgZQI7O4ImuYKe5UazyQ&_nc_zt=23&_nc_ht=scontent.fgdl9-1.fna&_nc_gid=H9U6ykqrIPsJmkGOWK7CEg&oh=00_AfVKLzbFx17uizLWM2UsMkkcRLohQ_e42YX1T3NUmExkyQ&oe=68A3198F,Rodilla
2025-08-13 18:46:38,https://www.facebook.com/reel/1041374671259831,mil reproducciones ¬∑ mil reacciones | ‚Äã‚ÄãWhop pays me for Instagram views. Comment ‚ÄúW‚Äù to start printing ü´° | Kevin Dang,‚Äã‚ÄãWhop pays me for Instagram views. Comment ‚ÄúW‚Äù to start printing ü´° .,https://scontent.fgdl9-1.fna.fbcdn.net/v/t51.75761-15/499723713_18497170612063836_1421762729984860344_n.jpg?stp=c0.185.720.720a_dst-jpg_s851x315_tt6&_nc_cat=107&ccb=1-7&_nc_sid=f6dce5&_nc_ohc=Qe-vGt3YxT4Q7kNvwFroRlE&_nc_oc=AdmOg2smCMkCQumOIpnZJj5JprE3JLaepKZJP4a2ofRjNMs8w2tXcR0Ex8eBdCbZwcAmvLD3mOLMvnNIjWxYQdBH&_nc_zt=23&_nc_ht=scontent.fgdl9-1.fna&_nc_gid=Uo--gV35fwHPUEh4eWqNaA&oh=00_AfUHmHjqTGQwqmHrSezTkaUZ41M2nUyWPlMmkol-x7zNDA&oe=68A30E44,Negocio
2025-08-13 18:47:02,https://www.facebook.com/share/r/16dq9hinqE/,", mill. reproducciones ¬∑ mil reacciones | Try these! Say goodbye to stiff hipsüòÅ | Alex Libin",Try these! Say goodbye to stiff hipsüòÅ .,https://scontent.fgdl9-1.fna.fbcdn.net/v/t51.82787-15/517974015_18519887122034086_2640448355121614661_n.jpg?_nc_cat=1&ccb=1-7&_nc_sid=a27664&_nc_ohc=NaFYkJYGG0cQ7kNvwFnZVO1&_nc_oc=Adnk5fQTR_HMGGSRhnwZh4UbUWs9qTR0cdXieKw8xCy27j0LlGYIwCirgh5CKYmk4KqdZ97CNO6_OI-uW2SZiASJ&_nc_zt=23&_nc_ht=scontent.fgdl9-1.fna&_nc_gid=Wfjx7IrEyVQoTGaVTJNQYA&oh=00_AfUpDGFeicLZM5cz1aXCaSpTnIxeuQG6yluFc0ieVN45Vg&oe=68A300BC,Movilidad
2025-08-13 18:49:21,https://www.facebook.com/reel/671120972410258,"mil reproducciones ¬∑ , mil reacciones | HOW TO GET SHREDDED FOR SUMMERüí™ | Gennofit Home Workouts",HOW TO GET SHREDDED FOR SUMMERüí™.,https://scontent.fgdl9-1.fna.fbcdn.net/v/t15.5256-10/503066243_715657700955045_3062752268218222854_n.jpg?_nc_cat=106&ccb=1-7&_nc_sid=596eb7&_nc_ohc=JmAXxL-fg3gQ7kNvwEg4VJA&_nc_oc=AdnjJCaFtYoIP_gMDWu1dZDj9LOjueCyDMQqMiIuUsfjrq1KdGF6FMYu25E_9Z5LzqAr3uA4Kj0PAknaQQmtShWp&_nc_zt=23&_nc_ht=scontent.fgdl9-1.fna&_nc_gid=EtvPfY1u2VVSpVECJqbpKQ&oh=00_AfXP4xcFtvketaZv5xN50tpMbCl4W4tiDOUYujyto3RpIw&oe=68A3166A,Entrenamiento
2025-08-13 18:49:43,https://www.facebook.com/share/r/16irqC7M4F/,mill. reproducciones ¬∑ mil reacciones | *Hold each stretch for sec minimum | Alex Libin,*Hold each stretch for sec minimum .,https://scontent.fgdl9-1.fna.fbcdn.net/v/t51.82787-15/522402318_18522018883034086_1817232709298317348_n.jpg?_nc_cat=107&ccb=1-7&_nc_sid=a27664&_nc_ohc=Ut8T0xg2Nn4Q7kNvwH-DiYd&_nc_oc=AdmyGAouxsekf82YhBgx5HsvAIlFndFJUv9y696EROwQj6lq0lqoUfBVMZ-8PFJZ970lIAQJo1U1nJFmEF60E46W&_nc_zt=23&_nc_ht=scontent.fgdl9-1.fna&_nc_gid=PPytU2HxVBZ6QPFVT4qKrw&oh=00_AfVktqvZG3aFd0dy6ek2Vlqhwfc7T5djP7clMli8U0GZ6Q&oe=68A306F2,Movilidad
2025-08-13 18:50:00,https://www.facebook.com/reel/1057098116302256,"mil reproducciones ¬∑ , mil reacciones | FIX YOUR TIGHT ANKLES üîµ Bent Knee Calf Raise ‚Äì reps/side üîµ Dorsiflexion Mobilization ‚Äì reps ‚û°Ô∏è -min hold üîµ Heel-Elevated Squat Iso ‚Äì -min hold Do this x/week to improve squat depth, ankle mobility, and reduce joint stress. | Tailoredfitpt","FIX YOUR TIGHT ANKLES üîµ Bent Knee Calf Raise ‚Äì reps/side üîµ Dorsiflexion Mobilization ‚Äì reps ‚û°Ô∏è -min hold üîµ Heel-Elevated Squat Iso ‚Äì -min hold Do this x/week to improve squat depth, ankle...",https://scontent.fgdl9-1.fna.fbcdn.net/v/t51.71878-15/499406831_1647647842557875_3286933448930743988_n.jpg?_nc_cat=107&ccb=1-7&_nc_sid=a27664&_nc_ohc=yNSgjJosxoEQ7kNvwErnzj5&_nc_oc=AdkzYSnCVUCe5V7VQS6Rxu_xV_Wxt8-S-Oc67eRKiovyu4CEqVqTQIy7aHr4rPgsUDdTESmjDIQ9zpEhZifwKUSI&_nc_zt=23&_nc_ht=scontent.fgdl9-1.fna&_nc_gid=wSdiVCHirusqCacvMhmyIw&oh=00_AfU3L3h-OymKDcPSWSTLSMMk7Pb-8kjJWn_-1WTtSZDm1Q&oe=68A30011,Movilidad
2025-08-13 18:50:30,https://www.facebook.com/reel/751204787480823,3 moves to heal your knees,"patrick step, bent knee calf raise, walk backwards",https://scontent.fgdl9-1.fna.fbcdn.net/v/t51.71878-15/503041527_1036101475160968_6940454885193215255_n.jpg?_nc_cat=100&ccb=1-7&_nc_sid=d705dd&_nc_ohc=B0sfLthevOAQ7kNvwGNT2VG&_nc_oc=AdkZ-OGwNLgUH6XZ2KE3lwYUpWgV_yzVDbeddZDEQy_gSeppBPXQYJoPDqvyLEC4m-9h761-XEV4pfrC2cqMLkPA&_nc_zt=23&_nc_ht=scontent.fgdl9-1.fna&_nc_gid=pfTqrEgDNtxA23tdp7j7mQ&oh=00_AfVY1rWfrYlxg5LzlkEbdxk1Ayk4YQN_qXQS8ezDtJc3Dg&oe=68A2FB4C,Rodilla
2025-08-13 18:51:35,https://www.facebook.com/reel/1953275855511358,", mil reacciones ¬∑ veces compartido | Comment ‚ÄúBEGIN‚Äù and I‚Äôll send you a free pass for my programs & community ü§ó ü™ë Sitting too much? These moves will undo the tension: Ô∏è‚É£ Passive Hang ‚Ä¢ Grab a bar and let your body hang... ‚Ä¢ You‚Äôll decompress your spine and create space in your shoulders Ô∏è‚É£ Split Squat Leans ‚Ä¢ Drop into a deep split squat and gently lean forward... ‚Ä¢ You‚Äôll open up your hip flexors that have been folded into a chair all day Ô∏è‚É£ Seated Pec Stretch ‚Ä¢ Sit on the floor, externally rotate your arms, and lift your chest... ‚Ä¢ You‚Äôll relieve deep tension in your chest, shoulders, and sternum Ô∏è‚É£ Pigeon Extension ‚Ä¢ Sit into pigeon, then lift and reach your chest forward... ‚Ä¢ You‚Äôll release tightness from your lower back and hips ‚ú® Don‚Äôt overthink it... just do these daily and let your body reset. ü´Ç Share this with your friends and family~ | Strong & Mobile",Comment ‚ÄúBEGIN‚Äù and I‚Äôll send you a free pass for my programs & community ü§ó ü™ë Sitting too much? These moves will undo the tension: Ô∏è‚É£ Passive Hang ‚Ä¢ Grab a bar and let your body hang... ‚Ä¢...,https://scontent.fgdl9-1.fna.fbcdn.net/v/t51.82787-15/527283208_17976443669884101_8815029438177182600_n.jpg?_nc_cat=101&ccb=1-7&_nc_sid=a27664&_nc_ohc=HmHYH4dxVocQ7kNvwF3mHSn&_nc_oc=Adm0bpYSe2rPnkD1TjVlPHRP1IgHQY4OTddcHjyOYuQniPvnT_0zzyVpY_pkpGOFfiu_10P1bS8XyFx3cVz7IpKO&_nc_zt=23&_nc_ht=scontent.fgdl9-1.fna&_nc_gid=C9VonBh-mpJiyJUrKI4SPg&oh=00_AfXb61YPNhQfEIaNTkyG3ierss9N9Ti7ZDH2qxioJczqBA&oe=68A30700,Movilidad
2025-08-13 18:51:49,https://www.facebook.com/reel/635538232916555,"mil reproducciones ¬∑ , mil reacciones | Comment ‚ÄúHOME‚Äù for the full home programüè° | Gennofit Home Workouts",Comment ‚ÄúHOME‚Äù for the full home programüè°.,https://scontent.fgdl9-1.fna.fbcdn.net/v/t15.5256-10/528035157_635538262916552_6889408096561408675_n.jpg?_nc_cat=106&ccb=1-7&_nc_sid=596eb7&_nc_ohc=9TkE2OyCNp4Q7kNvwGzGk8v&_nc_oc=Adm1Wb76LIJKFaiFSbpWJXVocCPmguw1FIAHhfBxis8Tmi7Bj0QfFMCJmWuoQQNI3eACurpzxTPtvD2DApjN3VgH&_nc_zt=23&_nc_ht=scontent.fgdl9-1.fna&_nc_gid=ZXSYq01LDaw7yhm3-mSE0A&oh=00_AfVNtbLQFY5Zm8u07EbHigU0cGucEgF3huZ2w95czJaqbA&oe=68A31F99,Entrenamiento
2025-08-13 18:52:08,https://www.facebook.com/share/r/1AqQbVKN2L/,mil reproducciones ¬∑ mil reacciones | Who doesnt want a sexy back?ü§∑üèª‚Äç‚ôÇÔ∏è | Alex Libin,Who doesnt want a sexy back?ü§∑üèª‚Äç‚ôÇÔ∏è .,https://scontent.fgdl9-1.fna.fbcdn.net/v/t51.82787-15/520803555_18521289271034086_4751122567327297623_n.jpg?_nc_cat=103&ccb=1-7&_nc_sid=a27664&_nc_ohc=2al1D_47L4EQ7kNvwE2UiJn&_nc_oc=Adknq3nbJzhfxnr2QYrS9wKliBpjaZMkjdG9_79Sp92AAHDCkfvBiPl41WKulZSo7kqnq2-e7ximjnb1HGHUv9Mg&_nc_zt=23&_nc_ht=scontent.fgdl9-1.fna&_nc_gid=HWpeDdunp7r3BCZP4gRFAQ&oh=00_AfUSIi0Z2Kk_xN8w9d4UuVvto6v3BNryN-yxWX5ckCEm5w&oe=68A30941,Movilidad
2025-08-13 18:52:28,https://www.facebook.com/reel/1222613962949896,"Want stronger, more stable knees? Here‚Äôs a -step process that works: Ô∏è‚É£ Isometric Holds ‚Ä¢ Start with static positions like wall sits, split squat holds, or sissy squat holds ‚Ä¢ These reinforce the tissues around your knee and build joint resilience Ô∏è‚É£ Deep Range Strength ‚Ä¢ Add controlled deep squats and step-downs ‚Ä¢ Strengthening through the full range‚Äînot just the top half‚Äîbuilds true carryover to real life Ô∏è‚É£ Low-Impact Plyometrics ‚Ä¢ Finish with small, soft jumps or pogo hops ‚Ä¢ These build explosive control and teach your knees to absorb force smoothly üß† It‚Äôs simple, but effective‚Äîand if you stay consistent, your knees will thank you week after week. ü´Ç Share this with your friends and family~ | Strong & Mobile",Here‚Äôs a -step process that works: Ô∏è‚É£ Isometric Holds ‚Ä¢ Start with static...,https://scontent.fgdl9-1.fna.fbcdn.net/v/t51.82787-15/524555862_17975768834884101_5464581895571742568_n.jpg?_nc_cat=111&ccb=1-7&_nc_sid=a27664&_nc_ohc=JfW7rQWJjJAQ7kNvwEpASAs&_nc_oc=AdncBAKm-AV_37NF3dOOZXSS2DUr659wnwqGUKEqGGUCKDUYw-0shx2Qyxs6gmRi_FCoEgfIaEdAZ9B-BNf-Dm4U&_nc_zt=23&_nc_ht=scontent.fgdl9-1.fna&_nc_gid=AlCrZjMBTzA72HgfgkAk8A&oh=00_AfV6haklfqwwKPalAaEzIx6GioS-DTfcqQU7vhMtevu1gA&oe=68A3010A,Rodilla
2025-08-13 18:53:20,https://www.facebook.com/reel/619214267447170,"üü¢SENTIR DOLOR EN LAS RODILLAS ES UNA ELECCI√ìN TUYA. Toda rodilla ‚Äúsaludable‚Äù necesita cumplir con requisitos fundamentales: . Una rodilla estable, capaz de soportar el d√≠a a d√≠a con seguridad, evitando lesiones. . Una rodilla m√≥vil (aunque no lo parezca), s√≠, debe moverse hacia adelante, hacia atr√°s y tambi√©n hacia los lados. Aunque no sea su movimiento principal, es necesario que tenga esa capacidad para la prevenci√≥n y el tratamiento de lesiones. . La rodilla necesita ser asistida por un pie estable, un tobillo m√≥vil y m√°s fuerza muscular. Eso es lo que hago aqu√≠ en este perfil: Te ayudo a VIVIR TU VIDA SIN DOLOR. Comenta RODILLA y revisa tu mensaje directo para asegurar el ebook con ejercicios y una sugerencia de entrenamiento por solo d√≥lares. | Rodrigo Zago Vida sin dolor","Toda rodilla ‚Äúsaludable‚Äù necesita cumplir con requisitos fundamentales: . Una rodilla estable, capaz de soportar el d√≠a a d√≠a con seguridad,...",https://scontent.fgdl9-1.fna.fbcdn.net/v/t51.71878-15/521451887_1437869027255624_2971512863975203863_n.jpg?_nc_cat=102&ccb=1-7&_nc_sid=a27664&_nc_ohc=HD4K-MWk2EcQ7kNvwE_QTRu&_nc_oc=AdljNiNFsGoIqIlXg3pg5FmC2VQTzOhkUr02J8haTmnwsoj-rJHw18ZlnOfCbNJMYZn059lJgV6d2-L-Qcd98LN7&_nc_zt=23&_nc_ht=scontent.fgdl9-1.fna&_nc_gid=3daFoHKJ_wTpiNiQ-SFW_Q&oh=00_AfUKvrgRuJmw6at7t9QeAQfckyEWKfQJhS5ytpssNNUUUw&oe=68A31684,Rodilla
2025-08-13 18:54:45,https://www.facebook.com/reel/1750865222226146,Kegel workout for man/womanüî• | Alex Libin ÊùéÂΩ¨,Wanna feel double the effect? Get the sequence right! Kegel workout for man/womanüî• .,https://scontent.fgdl9-1.fna.fbcdn.net/v/t15.5256-10/525702841_1439541280585466_6790245133902964840_n.jpg?stp=c0.277.1080.1080a_dst-jpg_s851x315_tt6&_nc_cat=100&ccb=1-7&_nc_sid=f6dce5&_nc_ohc=vH0Y-im5ZhEQ7kNvwEiCbUN&_nc_oc=AdnAydd_L9yvH6IReXVS-P5GiEK_Q13lrGr7NmFZYpZl2DTSBCcy3xXBUCoj_5FZzh8Lc9ql2k260BoXb5NkRdLS&_nc_zt=23&_nc_ht=scontent.fgdl9-1.fna&_nc_gid=uQZ7S00yFu_ZZiVdsl2BeA&oh=00_AfXWR0QOXz-rfUcw7o54iaiw0ZSdPm-XS-HSEjgldQUqcQ&oe=68A2FC43,Movilidad
2025-08-13 18:55:52,https://www.facebook.com/share/v/155xMLdN1S/,"mill. reproducciones ¬∑ mil reacciones | Gracias a Dios ya son a√±os sin tener un dolor en la rodilla, estos ejercicios los puedes hacer veces a la semana | Andresmartinezcoach","Gracias a Dios ya son a√±os sin tener un dolor en la rodilla, estos ejercicios los puedes hacer veces a la semana.",https://scontent.fgdl9-1.fna.fbcdn.net/v/t15.5256-10/513069145_1215502136569069_3125508582535540468_n.jpg?_nc_cat=111&ccb=1-7&_nc_sid=596eb7&_nc_ohc=fj8DcueD1aMQ7kNvwFuzZPS&_nc_oc=AdmfXJh8AAwLzYYdgKdKwiq4UEjYK4yv4qemhz8nJLzKMGwgLaxzlV3vQo2lWnxsIa2HzhGigTDVGpWLk_Jbs3de&_nc_zt=23&_nc_ht=scontent.fgdl9-1.fna&_nc_gid=eGL3ok9oFVDnto8HNZdjQQ&oh=00_AfWogP40TSgaIXtp0QviFe1klHN5Rp3xkQnrW_RK_jEg9A&oe=68A2EE15,Rodilla
2025-08-13 18:56:12,https://www.facebook.com/reel/606311702321183,"mil reproducciones ¬∑ mil reacciones | That broomstick from the mop ‚Äî everyone has one at home. Did you know you can use it for simple but powerful exercises to improve your shoulders and spine mobility? For a full, structured system that teaches you exactly how to do each exercise, when to do it, and how to progress ‚Äî check out my programs. | Igor system","That broomstick from the mop ‚Äî everyone has one at home. Did you know you can use it for simple but powerful exercises to improve your shoulders and spine mobility? For a full, structured system...",https://scontent.fgdl9-1.fna.fbcdn.net/v/t51.82787-15/530238371_18472835815072803_3958785453521830914_n.jpg?_nc_cat=105&ccb=1-7&_nc_sid=a27664&_nc_ohc=kqyUyFprslUQ7kNvwH3PVP8&_nc_oc=AdlWXZLIpShgNhmUIn4wRLbbmxn5S2Nl-cKcUHKXmmxfeXQdU6_i3DJa3cJZQfU4VQPVYTvHU5Upv1ueNMJPGWNh&_nc_zt=23&_nc_ht=scontent.fgdl9-1.fna&_nc_gid=qZ2KA5XOiG0-idSNwHquGA&oh=00_AfVQuubWn33eG0Mk7E_fUmjyyyTgsrRLU9yR-EHMUtDLbA&oe=68A300A4,Movilidad
2025-08-13 18:56:26,https://www.facebook.com/reel/1588887778755859,"mil reacciones ¬∑ mil veces compartido | Comment ‚ÄúBEGIN‚Äù and I‚Äôll send you a free pass for my programs & community ü§ó üåÄ This -move animal flow resets your entire body, especially after a long day sitting: Ô∏è‚É£ Armadillo Rollout ‚Ä¢ Tuck into a low kneeling position and slowly extend your arms forward... ‚Ä¢ You‚Äôll gently stretch your shoulders, chest, and hip flexors while creating length through your spine ‚Ä¢ Perfect for decompressing after hours of slouching at a desk or on your phone Ô∏è‚É£ Jellyfish Arms ‚Ä¢ Stand tall or kneel and ripple your arms in loose, wavy motions... ‚Ä¢ Moves your wrists, elbows, and shoulders through full, fluid range ‚Ä¢ Awakens the upper body and relieves tension from repetitive screen use Ô∏è‚É£ Gorilla Walk ‚Ä¢ Sink low into a deep squat and walk forward using your knuckles and feet... ‚Ä¢ Lights up your core, hips, and legs while reconnecting you to the ground ‚Ä¢ Strong, playful, and one of the best ways to build functional coordination ü§ó Try this combo for minutes a day. You don‚Äôt need fancy equipment ‚Äî just movement with intention. ü´Ç Share this with your friends and family~ | Strong & Mobile","Comment ‚ÄúBEGIN‚Äù and I‚Äôll send you a free pass for my programs & community ü§ó üåÄ This -move animal flow resets your entire body, especially after a long day sitting: Ô∏è‚É£ Armadillo Rollout ‚Ä¢ Tuck...",https://scontent.fgdl9-1.fna.fbcdn.net/v/t51.82787-15/527552365_17976659861884101_8655390110174588759_n.jpg?_nc_cat=105&ccb=1-7&_nc_sid=a27664&_nc_ohc=SddhbPKoMDUQ7kNvwHbSwh1&_nc_oc=Adn1ghnHK-BxM3p6BkoY24koOhgjFrZI3fr-A7iJX4Mx-4NXS1Ypxc8klPKg-aVYwE8QCfyCZSoRNsTPRpGgQbJj&_nc_zt=23&_nc_ht=scontent.fgdl9-1.fna&_nc_gid=Gky2TJkoD2OfmpDEeGnmaw&oh=00_AfWKwK3eF8t9avfTV85j5rtu7J3jvRvU1eQcDSXMT3K3cw&oe=68A3118B,Movilidad
2025-08-13 18:56:39,https://www.facebook.com/reel/722370473578911,"mil reproducciones ¬∑ mil reacciones | DOLOR DE RODILLA Proba estos ejercicios para fortalecer las rodillas. Estos ejercicios te van a servir para fortalecer los musculos que rodean las rodillas asi como tambien los pies y tobillos, para mejorar la estabilidad. Si queres rodillas mas fuertes no te olvides de sumarte a la comunidad (link en la bio) Podes hacer - series de - por cada ejercicio. ‚Ä¢ ‚Ä¢ ‚Ä¢ ‚Ä¢ | Nicolas Mena","DOLOR DE RODILLA Proba estos ejercicios para fortalecer las rodillas. Estos ejercicios te van a servir para fortalecer los musculos que rodean las rodillas asi como tambien los pies y tobillos,...",https://scontent.fgdl9-1.fna.fbcdn.net/v/t51.29350-15/455093315_1175542487001895_7090588353120185802_n.jpg?_nc_cat=102&ccb=1-7&_nc_sid=f4080e&_nc_ohc=WtRO4pqobLcQ7kNvwGozRSD&_nc_oc=AdlfUxG-5-t6fkVyjzVbJA9twbOk0COcfZN1OYYmZciFO8gAnst3Iw9rKRxxDWiUE23gxY_o0BoQWDkquPEi4tUy&_nc_zt=23&_nc_ht=scontent.fgdl9-1.fna&_nc_gid=yST0PajG8Jf9Ub8PbOgrKQ&oh=00_AfW4-NG2TlWPopbgV22MIU_gbfoSwGjlbD8VmecTlA-Bmw&oe=68A31776,Rodilla
2025-08-13 18:57:01,https://www.facebook.com/reel/1088664273149805,"mil reproducciones ¬∑ , mil reacciones | When do you typically experience inner or outer knee pain? If you're a runner than probably all the time lol | Tailoredfitpt",When do you typically experience inner or outer knee pain? If you're a runner than probably all the time lol ...,https://scontent.fgdl9-1.fna.fbcdn.net/v/t15.5256-10/503417113_1254065012996475_4675358302545345260_n.jpg?_nc_cat=100&ccb=1-7&_nc_sid=a27664&_nc_ohc=hUqLKCrcSGIQ7kNvwHXER6u&_nc_oc=AdkFef7KjslFLgNpyI-OgUg3Vxrgkal2bx1mq5cSinUDsRDiwaTY-lZPdHDuW5PuZsFLknMfGCFKr3n6w2CjheqI&_nc_zt=23&_nc_ht=scontent.fgdl9-1.fna&_nc_gid=D0kynDuKw1PRHJDrXSUhVg&oh=00_AfUBRWNEqBXx1Uk6GIS1cu1ZLuf0FYrHFmgZ0y9LZbjCrQ&oe=68A300AD,Rodilla
2025-08-13 18:57:19,https://www.facebook.com/reel/526001637169714,", mil reacciones ¬∑ veces compartido | Weak knees and ankles? BULLET PROOFING for BEGINNER & ADVANCED. üî•Beginner ‚¨áÔ∏è Ô∏è‚É£ Tibialias raises one leg x each side Ô∏è‚É£ Grounded Peterson step ups x - Ô∏è‚É£ Box Pistol squats x - Ô∏è‚É£ Hamstring bridge walkouts x -s üìù - rounds üî•Advanced ‚¨áÔ∏è Ô∏è‚É£ Tibialias raises more load x Ô∏è‚É£ Elevated Peterson step ups x - Ô∏è‚É£ Pistol squats x - Ô∏è‚É£ SL Hamstring bridge holds x -s üìù - rounds Work with me to become ageless - link in bio. | Elastaboy",Weak knees and ankles? BULLET PROOFING for BEGINNER & ADVANCED. üî•Beginner ‚¨áÔ∏è Ô∏è‚É£ Tibialias raises one leg x each side Ô∏è‚É£ Grounded Peterson step ups x - Ô∏è‚É£ Box Pistol squats x - Ô∏è‚É£...,https://scontent.fgdl9-1.fna.fbcdn.net/v/t51.71878-15/510447360_4381675578781157_2071433035389974318_n.jpg?_nc_cat=111&ccb=1-7&_nc_sid=a27664&_nc_ohc=YJ1pPWfmHFcQ7kNvwEHqJow&_nc_oc=AdllQKehCg7Tj2OfNDzbeDnDETCCAAwMjneFXcXxMwRnhgmQqVmLIFGV_ydamikiSFs7U8IlRXQ9QM1ghCEf-E-L&_nc_zt=23&_nc_ht=scontent.fgdl9-1.fna&_nc_gid=Obb4ZZLWUX6ciJvNnOTIPA&oh=00_AfXhK2k4BtK22bORfawp3AsOvleuYCHyWhQx_k0XVzUYPA&oe=68A2ECB5,Rodilla
